Iteration, Request to decryption time
1, 539375
2, 436232
3, 436779
4, 437256
5, 447980
6, 425341
7, 449672
8, 461466
9, 428023
10, 424438
11, 418979
12, 430657
13, 497387
14, 438491
15, 450526
16, 429214
17, 495855
18, 430826
19, 424705
20, 438993
21, 425015
22, 452240
23, 419146
24, 446221
25, 529402
26, 425245
27, 451707
28, 437174
29, 1187116
30, 441552
31, 420457
32, 424407
33, 425043
34, 427181
35, 447287
36, 425251
37, 498108
38, 426070
39, 426385
40, 430622
41, 452345
42, 419609
43, 442414
44, 1246167
45, 441114
46, 423074
47, 438909
48, 412520
49, 497662
50, 421699
51, 424612
52, 418605
53, 437573
54, 434399
55, 428866
56, 445568
57, 474963
58, 418401
59, 412904
60, 434314
61, 483536
62, 443623
63, 411447
64, 418730
65, 456176
66, 419641
67, 419311
68, 426063
69, 438483
70, 429124
71, 412867
72, 431504
73, 498335
74, 454883
75, 452022
76, 432940
77, 423142
78, 435407
79, 419377
80, 427617
81, 426447
82, 427143
83, 425150
84, 448009
85, 492081
86, 430698
87, 424965
88, 429104
89, 465275
90, 853982
91, 420536
92, 439336
93, 433703
94, 426026
95, 445513
96, 416452
97, 925190
98, 419893
99, 414738
100, 434153
101, 415603
102, 421223
103, 422384
104, 424576
105, 426430
106, 438070
107, 433024
108, 429005
109, 483896
110, 427689
111, 420696
112, 471821
113, 424207
114, 420654
115, 427311
116, 433271
117, 447935
118, 430827
119, 418876
120, 452250
121, 508729
122, 425046
123, 417840
124, 419091
125, 414394
126, 420855
127, 418675
128, 444373
129, 417684
130, 422432
131, 422337
132, 434192
133, 480895
134, 411560
135, 433500
136, 448453
137, 436148
138, 423614
139, 417798
140, 413613
141, 411966
142, 438470
143, 426601
144, 412700
145, 496433
146, 454990
147, 434244
148, 1645221
149, 426959
150, 424929
151, 422140
152, 414662
153, 422846
154, 422397
155, 425320
156, 433109
157, 612223
158, 440389
159, 421116
160, 432416
161, 411147
162, 411384
163, 422359
164, 418318
165, 436952
166, 420601
167, 412263
168, 438380
169, 570698
170, 427284
171, 436779
172, 435388
173, 415469
174, 417703
175, 3368823
176, 463399
177, 459628
178, 423848
179, 433512
180, 427325
181, 497075
182, 468163
183, 420845
184, 442753
185, 418540
186, 438724
187, 421491
188, 435006
189, 432502
190, 424838
191, 425933
192, 429845
193, 486250
194, 422983
195, 443211
196, 423565
197, 460839
198, 432770
199, 435232
200, 421608
201, 435047
202, 420227
203, 422792
204, 412547
205, 474217
206, 446829
207, 426832
208, 421680
209, 419307
210, 437606
211, 429936
212, 418566
213, 421653
214, 418833
215, 431934
216, 437058
217, 490323
218, 437921
219, 425751
220, 427717
221, 422327
222, 413481
223, 425055
224, 426209
225, 421464
226, 420934
227, 1009934
228, 426012
229, 444235
230, 420369
231, 421772
232, 424375
233, 424862
234, 428360
235, 463067
236, 419843
237, 417204
238, 420419
239, 418181
240, 422080
241, 527593
242, 438068
243, 432247
244, 440433
245, 427996
246, 434650
247, 452041
248, 434270
249, 438376
250, 420600
251, 430310
252, 441982
253, 516328
254, 419306
255, 418887
256, 431947
257, 434204
258, 445483
259, 421741
260, 411694
261, 432866
262, 427161
263, 443957
264, 433342
265, 481295
266, 418847
267, 427281
268, 433601
269, 424443
270, 449125
271, 425026
272, 435934
273, 438744
274, 419706
275, 438826
276, 434162
277, 498158
278, 420945
279, 426831
280, 421268
281, 444260
282, 441721
283, 433177
284, 444576
285, 422171
286, 439895
287, 420054
288, 416399
289, 475716
290, 459661
291, 426037
292, 426132
293, 440631
294, 427862
295, 411521
296, 417886
297, 422059
298, 797668
299, 438706
300, 425464
301, 485151
302, 435272
303, 413443
304, 444999
305, 453537
306, 423198
307, 420161
308, 434479
309, 439140
310, 420845
311, 429722
312, 418600
313, 526506
314, 426373
315, 426693
316, 415522
317, 430076
318, 417038
319, 417370
320, 422184
321, 422189
322, 424729
323, 444252
324, 426118
325, 470957
326, 445127
327, 421165
328, 442143
329, 432234
330, 428943
331, 425335
332, 415689
333, 412431
334, 438687
335, 438230
336, 424178
337, 447802
338, 424536
339, 442683
340, 421757
341, 455119
342, 444113
343, 404152
344, 422585
345, 437562
346, 428108
347, 455444
348, 419716
349, 511130
350, 428676
351, 417648
352, 416722
353, 468324
354, 417813
355, 432718
356, 424861
357, 437264
358, 433097
359, 421954
360, 442366
361, 489147
362, 434020
363, 434196
364, 427709
365, 444361
366, 433591
367, 452911
368, 4922452
369, 441486
370, 438977
371, 422522
372, 434127
373, 509755
374, 430534
375, 449142
376, 438166
377, 447040
378, 421743
379, 431494
380, 462527
381, 414486
382, 447582
383, 434544
384, 484693
385, 514786
386, 430297
387, 423237
388, 439912
389, 416840
390, 436902
391, 1083210
392, 424480
393, 428883
394, 443600
395, 421691
396, 423800
397, 510184
398, 431602
399, 433243
400, 420610
401, 430746
402, 414970
403, 444285
404, 430620
405, 420257
406, 425240
407, 449332
408, 424724
409, 488591
410, 422350
411, 443432
412, 416462
413, 443093
414, 434331
415, 428633
416, 421828
417, 428074
418, 435419
419, 428171
420, 430509
421, 496135
422, 427969
423, 430402
424, 428663
425, 453037
426, 431965
427, 417063
428, 433480
429, 419192
430, 429256
431, 419530
432, 445461
433, 444548
434, 426821
435, 424173
436, 420011
437, 12566639
438, 432244
439, 422684
440, 414499
441, 419670
442, 428324
443, 415104
444, 420004
445, 469860
446, 423342
447, 438828
448, 435013
449, 420509
450, 425789
451, 436014
452, 417916
453, 417417
454, 430028
455, 418654
456, 413585
457, 488672
458, 421549
459, 417765
460, 435868
461, 421298
462, 444800
463, 432419
464, 422107
465, 426971
466, 427827
467, 424466
468, 426672
469, 495248
470, 427744
471, 419154
472, 430057
473, 441672
474, 461562
475, 445132
476, 442535
477, 413275
478, 418770
479, 414691
480, 437653
481, 507726
482, 425943
483, 421223
484, 429152
485, 427617
486, 436133
487, 435925
488, 415709
489, 421469
490, 418298
491, 420330
492, 423651
493, 521812
494, 435646
495, 419204
496, 659008
497, 440678
498, 426625
499, 421708
500, 438835
501, 424204
502, 420814
503, 414297
504, 435315
505, 484330
506, 420889
507, 415567
508, 428370
509, 422925
510, 423346
511, 421522
512, 433478
513, 443263
514, 426954
515, 464756
516, 427470
517, 507252
518, 417303
519, 427808
520, 967059
521, 436191
522, 419747
523, 443943
524, 438163
525, 426151
526, 424917
527, 1139645
528, 425454
529, 547620
530, 425337
531, 408625
532, 419830
533, 411276
534, 413878
535, 442245
536, 524995
537, 442726
538, 434834
539, 426746
540, 423349
541, 524509
542, 440491
543, 422014
544, 436480
545, 435045
546, 418314
547, 437930
548, 893695
549, 429848
550, 420223
551, 431785
552, 425061
553, 485318
554, 416601
555, 419502
556, 416909
557, 428030
558, 456933
559, 631482
560, 415210
561, 424298
562, 964779
563, 431226
564, 435372
565, 505586
566, 429780
567, 440863
568, 465402
569, 446162
570, 428498
571, 431102
572, 421778
573, 415313
574, 415946
575, 440646
576, 422728
577, 521691
578, 429066
579, 426548
580, 423296
581, 417084
582, 414667
583, 419327
584, 405488
585, 413836
586, 448493
587, 430003
588, 424467
589, 501599
590, 439070
591, 434914
592, 426006
593, 434216
594, 443320
595, 424198
596, 436097
597, 419946
598, 414547
599, 422869
600, 411378
601, 513706
602, 415383
603, 425909
604, 416364
605, 426871
606, 421484
607, 419226
608, 445107
609, 427539
610, 422059
611, 435542
612, 422859
613, 506836
614, 424928
615, 415321
616, 418524
617, 429587
618, 430658
619, 434334
620, 2304919
621, 425677
622, 425020
623, 441807
624, 441044
625, 930147
626, 412862
627, 426127
628, 415701
629, 424919
630, 417316
631, 413352
632, 450843
633, 446790
634, 421467
635, 552313
636, 414777
637, 472898
638, 418024
639, 415918
640, 412732
641, 416951
642, 416714
643, 444364
644, 418082
645, 430567
646, 425391
647, 1039416
648, 413908
649, 452750
650, 414251
651, 426615
652, 417897
653, 422467
654, 431460
655, 421502
656, 419159
657, 413211
658, 542544
659, 422072
660, 436002
661, 481686
662, 425180
663, 457240
664, 423733
665, 421157
666, 445670
667, 426811
668, 424250
669, 436391
670, 723606
671, 419517
672, 419073
673, 498405
674, 415002
675, 421488
676, 5936187
677, 425280
678, 437943
679, 435031
680, 428716
681, 409791
682, 421049
683, 422826
684, 425303
685, 518200
686, 413161
687, 443044
688, 425451
689, 423932
690, 434383
691, 426141
692, 433444
693, 418862
694, 427211
695, 426245
696, 412726
697, 482974
698, 414621
699, 427370
700, 418426
701, 421393
702, 412906
703, 453703
704, 425006
705, 415375
706, 428631
707, 441902
708, 417185
709, 489471
710, 453668
711, 439820
712, 413470
713, 425027
714, 444194
715, 439326
716, 425261
717, 427620
718, 424526
719, 436794
720, 426182
721, 495867
722, 418220
723, 3302795
724, 410754
725, 426394
726, 435143
727, 410918
728, 486349
729, 428301
730, 419156
731, 424015
732, 422561
733, 525969
734, 436723
735, 423286
736, 429639
737, 430262
738, 419088
739, 416371
740, 7137458
741, 433285
742, 417487
743, 425175
744, 422260
745, 514518
746, 432793
747, 412074
748, 417124
749, 412533
750, 431692
751, 421742
752, 423286
753, 412220
754, 424595
755, 426814
756, 432193
757, 560381
758, 455315
759, 424326
760, 438765
761, 420671
762, 417068
763, 411231
764, 427418
765, 461684
766, 442047
767, 439885
768, 417797
769, 506784
770, 417341
771, 415660
772, 434405
773, 411919
774, 420285
775, 423982
776, 429240
777, 420226
778, 414217
779, 422650
780, 439141
781, 506833
782, 431019
783, 422162
784, 430954
785, 431482
786, 431484
787, 429978
788, 419806
789, 427978
790, 431850
791, 425019
792, 425947
793, 489393
794, 438477
795, 447409
796, 413680
797, 418101
798, 418692
799, 414879
800, 412149
801, 434847
802, 443234
803, 425420
804, 424822
805, 517091
806, 440931
807, 415711
808, 440049
809, 430852
810, 418672
811, 425058
812, 419701
813, 418818
814, 414608
815, 419657
816, 445393
817, 516244
818, 417814
819, 447451
820, 418254
821, 421119
822, 419227
823, 410828
824, 426704
825, 418817
826, 432760
827, 446177
828, 419600
829, 508272
830, 426109
831, 430168
832, 430063
833, 423196
834, 418760
835, 414523
836, 426319
837, 433491
838, 425396
839, 424315
840, 417872
841, 492779
842, 414942
843, 419075
844, 421113
845, 412154
846, 409853
847, 912656
848, 435540
849, 433264
850, 428101
851, 421340
852, 416431
853, 512398
854, 419422
855, 410575
856, 415148
857, 425994
858, 415254
859, 449394
860, 412150
861, 421555
862, 421820
863, 420433
864, 418682
865, 490715
866, 413813
867, 421109
868, 421896
869, 435995
870, 418238
871, 419780
872, 445038
873, 419881
874, 413191
875, 430084
876, 434841
877, 503404
878, 418474
879, 409452
880, 409253
881, 423867
882, 421210
883, 451242
884, 440844
885, 423146
886, 421520
887, 424719
888, 413020
889, 448303
890, 419466
891, 421078
892, 431908
893, 424342
894, 420722
895, 436917
896, 426871
897, 424440
898, 426224
899, 422262
900, 428850
901, 519777
902, 444089
903, 429213
904, 427145
905, 418062
906, 437587
907, 430259
908, 417778
909, 425914
910, 427992
911, 415282
912, 420919
913, 509683
914, 420929
915, 413008
916, 422986
917, 420153
918, 433602
919, 6518915
920, 444712
921, 439192
922, 1742337
923, 418492
924, 428035
925, 517152
926, 419762
927, 424421
928, 416198
929, 414833
930, 419963
931, 493291
932, 418840
933, 429601
934, 436688
935, 458573
936, 421907
937, 509229
938, 432860
939, 438400
940, 447926
941, 425926
942, 429726
943, 1885401
944, 411123
945, 435397
946, 438637
947, 417689
948, 422161
949, 526191
950, 412985
951, 423249
952, 446836
953, 413241
954, 413372
955, 427774
956, 431220
957, 433915
958, 436433
959, 440731
960, 424012
961, 511006
962, 417831
963, 434270
964, 423032
965, 423049
966, 422743
967, 427214
968, 437706
969, 419919
970, 424604
971, 449190
972, 445513
973, 495247
974, 421346
975, 446553
976, 2981176
977, 1604155
978, 418470
979, 425877
980, 418410
981, 417037
982, 419858
983, 416010
984, 421944
985, 462831
986, 420432
987, 430771
988, 413515
989, 418329
990, 410179
991, 445457
992, 445997
993, 419664
994, 424538
995, 428059
996, 416218
997, 534175
998, 414632
999, 422507
1000, 416225
1001, 419731
1002, 426326
1003, 429256
1004, 418295
1005, 417521
1006, 420789
1007, 438496
1008, 419258
1009, 513452
1010, 447436
1011, 1421264
1012, 432786
1013, 431104
1014, 418780
1015, 418721
1016, 414653
1017, 418152
1018, 420754
1019, 419683
1020, 441595
1021, 520748
1022, 452282
1023, 414416
1024, 430458
1025, 424286
1026, 431097
1027, 431431
1028, 443828
1029, 421275
1030, 449374
1031, 442557
1032, 408939
1033, 491255
1034, 412420
1035, 433321
1036, 420090
1037, 426763
1038, 417751
1039, 441628
1040, 416264
1041, 416554
1042, 421539
1043, 419438
1044, 417979
1045, 551463
1046, 463506
1047, 440797
1048, 419079
1049, 416695
1050, 437960
1051, 411102
1052, 423487
1053, 415908
1054, 421551
1055, 416282
1056, 422866
1057, 5784108
1058, 5693621
1059, 433753
1060, 419699
1061, 4214949
1062, 422042
1063, 411264
1064, 537224
1065, 422367
1066, 429466
1067, 416593
1068, 412607
1069, 508707
1070, 421612
1071, 415153
1072, 438655
1073, 425122
1074, 422338
1075, 442611
1076, 1322022
1077, 424996
1078, 421655
1079, 432879
1080, 423935
1081, 513498
1082, 429415
1083, 418825
1084, 426990
1085, 439568
1086, 493693
1087, 420504
1088, 424352
1089, 453221
1090, 2084030
1091, 420147
1092, 419728
1093, 532347
1094, 907651
1095, 421957
1096, 426994
1097, 439384
1098, 420157
1099, 415849
1100, 404294
1101, 441786
1102, 414811
1103, 432638
1104, 429779
1105, 4212513
1106, 442287
1107, 419997
1108, 760607
1109, 448439
1110, 422637
1111, 420143
1112, 419112
1113, 438159
1114, 432928
1115, 450414
1116, 410927
1117, 527875
1118, 415287
1119, 442049
1120, 423157
1121, 424702
1122, 412090
1123, 411459
1124, 435448
1125, 430010
1126, 424463
1127, 421019
1128, 410761
1129, 448052
1130, 427210
1131, 424755
1132, 429552
1133, 422596
1134, 426463
1135, 456134
1136, 425460
1137, 420074
1138, 429188
1139, 417881
1140, 420863
1141, 482211
1142, 438475
1143, 2192866
1144, 421857
1145, 429288
1146, 437642
1147, 419890
1148, 409078
1149, 428164
1150, 422891
1151, 534702
1152, 423051
1153, 513088
1154, 422361
1155, 412913
1156, 418944
1157, 415398
1158, 414587
1159, 421203
1160, 421254
1161, 425785
1162, 435664
1163, 533093
1164, 414423
1165, 510428
1166, 429053
1167, 429141
1168, 414078
1169, 419110
1170, 426172
1171, 437783
1172, 425399
1173, 431916
1174, 421772
1175, 498468
1176, 459302
1177, 496862
1178, 430423
1179, 425884
1180, 458616
1181, 438219
1182, 429194
1183, 415137
1184, 421129
1185, 444187
1186, 421261
1187, 939237
1188, 413809
1189, 450565
1190, 452439
1191, 446389
1192, 423161
1193, 416614
1194, 422155
1195, 422751
1196, 420506
1197, 416853
1198, 442722
1199, 419924
1200, 416890
1201, 451164
1202, 421064
1203, 409866
1204, 404530
1205, 417435
1206, 418961
1207, 412659
1208, 423911
1209, 409878
1210, 425160
1211, 777064
1212, 420280
1213, 469785
1214, 418062
1215, 437489
1216, 444331
1217, 465517
1218, 419851
1219, 418813
1220, 420067
1221, 455937
1222, 423919
1223, 413775
1224, 420114
1225, 523150
1226, 412390
1227, 423911
1228, 418556
1229, 419294
1230, 441854
1231, 434192
1232, 422249
1233, 528722
1234, 416918
1235, 416475
1236, 434282
1237, 524306
1238, 423248
1239, 415952
1240, 426203
1241, 433894
1242, 417856
1243, 417830
1244, 417198
1245, 518198
1246, 440001
1247, 418218
1248, 424455
1249, 503321
1250, 444815
1251, 429493
1252, 413602
1253, 416849
1254, 423115
1255, 414857
1256, 418872
1257, 426793
1258, 417011
1259, 414618
1260, 418949
1261, 511717
1262, 409542
1263, 415418
1264, 413117
1265, 416824
1266, 419599
1267, 416309
1268, 446442
1269, 2849517
1270, 416225
1271, 443036
1272, 426732
1273, 523403
1274, 416340
1275, 881841
1276, 421167
1277, 424762
1278, 442215
1279, 417987
1280, 424246
1281, 416118
1282, 422450
1283, 420911
1284, 417568
1285, 528747
1286, 554975
1287, 439910
1288, 412101
1289, 428553
1290, 439640
1291, 415833
1292, 423352
1293, 411700
1294, 405676
1295, 433944
1296, 410100
1297, 518453
1298, 2411812
1299, 415428
1300, 438668
1301, 422550
1302, 432794
1303, 445830
1304, 416060
1305, 535192
1306, 459221
1307, 448861
1308, 411519
1309, 539425
1310, 422643
1311, 422847
1312, 419312
1313, 416247
1314, 424620
1315, 424654
1316, 437181
1317, 1067124
1318, 431093
1319, 420857
1320, 419778
1321, 525364
1322, 455670
1323, 410747
1324, 416859
1325, 419737
1326, 449413
1327, 517374
1328, 443969
1329, 440923
1330, 422673
1331, 435513
1332, 9685246
1333, 472515
1334, 1464681
1335, 417532
1336, 432492
1337, 433356
1338, 413799
1339, 417820
1340, 418239
1341, 415660
1342, 427162
1343, 424369
1344, 1923380
1345, 485917
1346, 446978
1347, 432563
1348, 418412
1349, 417411
1350, 427018
1351, 418161
1352, 485979
1353, 439083
1354, 449916
1355, 426993
1356, 413823
1357, 499292
1358, 417911
1359, 419796
1360, 415486
1361, 411311
1362, 418120
1363, 417032
1364, 420799
1365, 442853
1366, 425145
1367, 415112
1368, 436132
1369, 534825
1370, 447477
1371, 415081
1372, 422629
1373, 412623
1374, 419377
1375, 418791
1376, 439347
1377, 436485
1378, 411709
1379, 420283
1380, 419249
1381, 498620
1382, 421761
1383, 418043
1384, 410756
1385, 421856
1386, 435747
1387, 435589
1388, 421561
1389, 430684
1390, 419419
1391, 435764
1392, 424328
1393, 528798
1394, 423221
1395, 417605
1396, 425545
1397, 7374397
1398, 428565
1399, 418313
1400, 417115
1401, 433193
1402, 418074
1403, 413446
1404, 419431
1405, 529027
1406, 470527
1407, 432703
1408, 441894
1409, 513364
1410, 436122
1411, 415238
1412, 402426
1413, 416116
1414, 415043
1415, 415565
1416, 469603
1417, 573192
1418, 414608
1419, 418126
1420, 410673
1421, 419601
1422, 444313
1423, 422190
1424, 428630
1425, 440093
1426, 465989
1427, 425007
1428, 423143
1429, 514709
1430, 422815
1431, 423300
1432, 412118
1433, 422626
1434, 446630
1435, 429410
1436, 441109
1437, 422100
1438, 417878
1439, 420036
1440, 416485
1441, 529870
1442, 415160
1443, 409349
1444, 874644
1445, 440605
1446, 439450
1447, 414095
1448, 426185
1449, 428808
1450, 432027
1451, 442656
1452, 417114
1453, 475169
1454, 422446
1455, 435260
1456, 419859
1457, 410747
1458, 427110
1459, 430572
1460, 419759
1461, 423854
1462, 411536
1463, 407775
1464, 410344
1465, 478801
1466, 417240
1467, 422113
1468, 419442
1469, 421015
1470, 436111
1471, 438849
1472, 422471
1473, 420178
1474, 446068
1475, 439002
1476, 419682
1477, 463945
1478, 422905
1479, 417821
1480, 420662
1481, 436376
1482, 443539
1483, 422358
1484, 442781
1485, 416949
1486, 421959
1487, 421181
1488, 417098
1489, 500308
1490, 411980
1491, 425433
1492, 420010
1493, 410188
1494, 448419
1495, 454538
1496, 418807
1497, 435722
1498, 437658
1499, 436554
1500, 412295
1501, 487281
1502, 432919
1503, 421884
1504, 3784668
1505, 428822
1506, 424307
1507, 440907
1508, 415185
1509, 416027
1510, 424147
1511, 416677
1512, 417654
1513, 518065
1514, 525431
1515, 456628
1516, 428364
1517, 419087
1518, 423770
1519, 431788
1520, 427015
1521, 419528
1522, 414942
1523, 423748
1524, 432566
1525, 455911
1526, 481884
1527, 422614
1528, 428655
1529, 421951
1530, 422096
1531, 430121
1532, 423141
1533, 411522
1534, 417731
1535, 416799
1536, 424041
1537, 465165
1538, 3361284
1539, 432485
1540, 424746
1541, 438794
1542, 434133
1543, 538709
1544, 426781
1545, 420177
1546, 431006
1547, 419440
1548, 449866
1549, 550331
1550, 417696
1551, 433735
1552, 410789
1553, 432085
1554, 419875
1555, 489577
1556, 407261
1557, 421863
1558, 425955
1559, 425453
1560, 413657
1561, 478147
1562, 428831
1563, 433601
1564, 437076
1565, 433005
1566, 433564
1567, 740557
1568, 435787
1569, 422820
1570, 423037
1571, 411664
1572, 421788
1573, 464312
1574, 5496462
1575, 431759
1576, 430485
1577, 424455
1578, 424588
1579, 426887
1580, 418563
1581, 413793
1582, 417098
1583, 424218
1584, 426117
1585, 459719
1586, 799859
1587, 442665
1588, 427980
1589, 425023
1590, 423592
1591, 419392
1592, 429372
1593, 409217
1594, 438386
1595, 416291
1596, 457902
1597, 474137
1598, 431794
1599, 421672
1600, 424092
1601, 425593
1602, 422485
1603, 433392
1604, 419551
1605, 451015
1606, 436622
1607, 423600
1608, 447987
1609, 476794
1610, 412756
1611, 415779
1612, 421434
1613, 417050
1614, 422815
1615, 437516
1616, 414806
1617, 414166
1618, 435415
1619, 423595
1620, 413976
1621, 462734
1622, 412812
1623, 434590
1624, 424125
1625, 2382658
1626, 429671
1627, 428574
1628, 549447
1629, 427062
1630, 422911
1631, 455693
1632, 426097
1633, 493493
1634, 439472
1635, 418966
1636, 419586
1637, 427782
1638, 434994
1639, 413463
1640, 1847225
1641, 423364
1642, 418972
1643, 435932
1644, 435930
1645, 446663
1646, 424356
1647, 424622
1648, 423719
1649, 435669
1650, 441500
1651, 458294
1652, 410439
1653, 423715
1654, 421292
1655, 407203
1656, 416667
1657, 484834
1658, 422165
1659, 456136
1660, 429063
1661, 424529
1662, 418102
1663, 432962
1664, 419341
1665, 417273
1666, 436140
1667, 413306
1668, 431554
1669, 462632
1670, 436695
1671, 431345
1672, 421504
1673, 425724
1674, 442535
1675, 441636
1676, 441600
1677, 456688
1678, 420577
1679, 426156
1680, 422392
1681, 459180
1682, 427009
1683, 426218
1684, 417423
1685, 2188735
1686, 416359
1687, 460394
1688, 428060
1689, 410737
1690, 424357
1691, 413179
1692, 413968
1693, 574244
1694, 435510
1695, 4605302
1696, 433154
1697, 431443
1698, 432138
1699, 429789
1700, 409910
1701, 417687
1702, 437925
1703, 419387
1704, 445584
1705, 478744
1706, 413899
1707, 429235
1708, 410570
1709, 424947
1710, 421388
1711, 420187
1712, 426458
1713, 436205
1714, 425326
1715, 413063
1716, 431361
1717, 482127
1718, 425651
1719, 419636
1720, 418629
1721, 419825
1722, 434841
1723, 422300
1724, 428364
1725, 443887
1726, 421180
1727, 423435
1728, 418310
1729, 458193
1730, 432717
1731, 431495
1732, 415721
1733, 461488
1734, 426464
1735, 421135
1736, 418027
1737, 424015
1738, 466267
1739, 421579
1740, 427603
1741, 463487
1742, 428873
1743, 432233
1744, 427837
1745, 742396
1746, 420985
1747, 423724
1748, 423810
1749, 429107
1750, 429756
1751, 410934
1752, 421326
1753, 470794
1754, 426022
1755, 433148
1756, 407562
1757, 426024
1758, 423506
1759, 416773
1760, 435033
1761, 435956
1762, 419302
1763, 413858
1764, 437558
1765, 449918
1766, 424502
1767, 413462
1768, 419784
1769, 433363
1770, 436955
1771, 419100
1772, 420900
1773, 444743
1774, 422606
1775, 453425
1776, 431097
1777, 470600
1778, 428773
1779, 447748
1780, 445401
1781, 431335
1782, 434327
1783, 433402
1784, 419992
1785, 434360
1786, 418345
1787, 421362
1788, 437284
1789, 457603
1790, 1798325
1791, 419688
1792, 422875
1793, 425328
1794, 427056
1795, 411868
1796, 412473
1797, 424639
1798, 435220
1799, 4960678
1800, 497675
1801, 480672
1802, 426239
1803, 2461189
1804, 427772
1805, 435664
1806, 436369
1807, 546918
1808, 417123
1809, 414486
1810, 448821
1811, 422078
1812, 420034
1813, 579360
1814, 814298
1815, 429024
1816, 426671
1817, 418716
1818, 536654
1819, 423377
1820, 428412
1821, 417360
1822, 425559
1823, 422955
1824, 417379
1825, 466974
1826, 415450
1827, 453836
1828, 420742
1829, 413436
1830, 3297671
1831, 442623
1832, 421385
1833, 419010
1834, 413829
1835, 419737
1836, 439418
1837, 478824
1838, 416831
1839, 430563
1840, 421348
1841, 440294
1842, 430036
1843, 441296
1844, 433991
1845, 420226
1846, 419285
1847, 468135
1848, 418525
1849, 489842
1850, 439683
1851, 439001
1852, 421727
1853, 428975
1854, 443055
1855, 424788
1856, 421959
1857, 418872
1858, 435316
1859, 425195
1860, 411818
1861, 459564
1862, 450921
1863, 444116
1864, 414810
1865, 440733
1866, 448253
1867, 467657
1868, 432704
1869, 425163
1870, 423744
1871, 448080
1872, 750540
1873, 463907
1874, 428242
1875, 429984
1876, 419253
1877, 430999
1878, 416150
1879, 451560
1880, 426505
1881, 431519
1882, 429733
1883, 432455
1884, 424335
1885, 466736
1886, 420300
1887, 417552
1888, 437916
1889, 428992
1890, 423788
1891, 413927
1892, 423143
1893, 416847
1894, 447390
1895, 428365
1896, 418794
1897, 464612
1898, 426643
1899, 423737
1900, 441494
1901, 424430
1902, 420804
1903, 417725
1904, 415726
1905, 454422
1906, 430371
1907, 415698
1908, 417368
1909, 461329
1910, 420003
1911, 411555
1912, 414253
1913, 420503
1914, 421829
1915, 416999
1916, 442933
1917, 427113
1918, 439760
1919, 414389
1920, 422624
1921, 479268
1922, 420297
1923, 420722
1924, 420426
1925, 416972
1926, 421262
1927, 421239
1928, 416900
1929, 436726
1930, 439390
1931, 2202474
1932, 431500
1933, 563339
1934, 425570
1935, 424397
1936, 426544
1937, 439199
1938, 429222
1939, 424950
1940, 437916
1941, 425404
1942, 425674
1943, 414532
1944, 418269
1945, 482327
1946, 429645
1947, 424324
1948, 423090
1949, 423136
1950, 423571
1951, 424552
1952, 420986
1953, 421124
1954, 451141
1955, 417864
1956, 421988
1957, 483630
1958, 417292
1959, 419310
1960, 441284
1961, 422009
1962, 433440
1963, 433973
1964, 419126
1965, 455349
1966, 414531
1967, 413365
1968, 410075
1969, 455443
1970, 441064
1971, 411447
1972, 417379
1973, 429629
1974, 425381
1975, 419038
1976, 420954
1977, 439698
1978, 419353
1979, 430039
1980, 438712
1981, 484212
1982, 414484
1983, 419088
1984, 416864
1985, 420399
1986, 426821
1987, 433022
1988, 419387
1989, 448815
1990, 4052355
1991, 425491
1992, 439902
1993, 455367
1994, 440768
1995, 417952
1996, 443873
1997, 413817
1998, 452782
1999, 433385
2000, 416545
2001, 421803
2002, 544639
2003, 415017
2004, 413196
2005, 455230
2006, 412266
2007, 420003
2008, 435868
2009, 426370
2010, 429634
2011, 425370
2012, 438824
2013, 430340
2014, 585594
2015, 419300
2016, 424964
2017, 463628
2018, 457760
2019, 421913
2020, 417469
2021, 419374
2022, 428843
2023, 433506
2024, 442327
2025, 427718
2026, 498604
2027, 422356
2028, 438817
2029, 468642
2030, 447971
2031, 427282
2032, 422563
2033, 437144
2034, 459597
2035, 430016
2036, 430508
2037, 2906469
2038, 420677
2039, 424885
2040, 416687
2041, 483211
2042, 433809
2043, 410659
2044, 417637
2045, 424866
2046, 417405
2047, 429674
2048, 426166
2049, 448620
2050, 426145
2051, 436344
2052, 421599
2053, 460903
2054, 436343
2055, 423036
2056, 420607
2057, 426550
2058, 448219
2059, 412837
2060, 440993
2061, 424603
2062, 425284
2063, 424556
2064, 419904
2065, 460253
2066, 419806
2067, 443266
2068, 413651
2069, 417605
2070, 422104
2071, 409391
2072, 420792
2073, 431187
2074, 426168
2075, 417654
2076, 415721
2077, 537525
2078, 426373
2079, 424560
2080, 421230
2081, 411527
2082, 430804
2083, 426110
2084, 417051
2085, 423514
2086, 430807
2087, 427130
2088, 414382
2089, 464830
2090, 421305
2091, 418166
2092, 412892
2093, 413500
2094, 439202
2095, 412407
2096, 411935
2097, 426877
2098, 418641
2099, 437810
2100, 421469
2101, 481084
2102, 421663
2103, 417773
2104, 413645
2105, 415815
2106, 408525
2107, 415775
2108, 435974
2109, 838548
2110, 434226
2111, 416830
2112, 437265
2113, 478937
2114, 417251
2115, 438963
2116, 427454
2117, 443211
2118, 413374
2119, 413525
2120, 418492
2121, 425193
2122, 422114
2123, 422749
2124, 424269
2125, 464039
2126, 421724
2127, 419516
2128, 442159
2129, 418377
2130, 422075
2131, 412270
2132, 418333
2133, 419859
2134, 434623
2135, 437010
2136, 439269
2137, 481149
2138, 420113
2139, 432758
2140, 437513
2141, 428152
2142, 444721
2143, 410997
2144, 423485
2145, 5952695
2146, 1034064
2147, 440941
2148, 441853
2149, 470204
2150, 435230
2151, 424658
2152, 433798
2153, 416939
2154, 434694
2155, 415567
2156, 436004
2157, 5192104
2158, 435376
2159, 1460967
2160, 436203
2161, 473172
2162, 414633
2163, 439938
2164, 413668
2165, 420445
2166, 421066
2167, 425331
2168, 3283064
2169, 432116
2170, 432961
2171, 434471
2172, 441561
2173, 551446
2174, 418222
2175, 432508
2176, 420867
2177, 423065
2178, 419267
2179, 428013
2180, 423457
2181, 413849
2182, 416627
2183, 415199
2184, 418844
2185, 516527
2186, 435806
2187, 422503
2188, 420251
2189, 416229
2190, 417535
2191, 425387
2192, 436934
2193, 421386
2194, 416521
2195, 455227
2196, 410224
2197, 4518442
2198, 433216
2199, 590131
2200, 437699
2201, 431913
2202, 415273
2203, 418665
2204, 414244
2205, 413358
2206, 422845
2207, 422372
2208, 421287
2209, 484684
2210, 444941
2211, 2071386
2212, 419083
2213, 912219
2214, 419696
2215, 431041
2216, 422112
2217, 417229
2218, 524242
2219, 424958
2220, 430916
2221, 539402
2222, 416505
2223, 421326
2224, 423125
2225, 456418
2226, 429855
2227, 435389
2228, 417499
2229, 416191
2230, 477986
2231, 412389
2232, 424765
2233, 463009
2234, 442130
2235, 430492
2236, 437028
2237, 431129
2238, 413002
2239, 418274
2240, 419330
2241, 421259
2242, 486516
2243, 462383
2244, 439162
2245, 476416
2246, 440979
2247, 431523
2248, 435511
2249, 421673
2250, 416658
2251, 433424
2252, 445862
2253, 426790
2254, 2724521
2255, 442309
2256, 414140
2257, 479564
2258, 419233
2259, 422610
2260, 422261
2261, 543012
2262, 434763
2263, 417878
2264, 418837
2265, 419760
2266, 416664
2267, 440587
2268, 427676
2269, 448632
2270, 439884
2271, 420529
2272, 455610
2273, 564425
2274, 428723
2275, 412363
2276, 427594
2277, 4140140
2278, 439736
2279, 429010
2280, 893676
2281, 445946
2282, 427186
2283, 424097
2284, 443237
2285, 423666
2286, 413814
2287, 433938
2288, 421932
2289, 438303
2290, 424984
2291, 427895
2292, 419582
2293, 450502
2294, 435850
2295, 422478
2296, 425790
2297, 416616
2298, 433211
2299, 423145
2300, 415077
2301, 420765
2302, 434644
2303, 428204
2304, 421811
2305, 455045
2306, 417042
2307, 422189
2308, 437190
2309, 415266
2310, 416162
2311, 425305
2312, 444832
2313, 414163
2314, 444842
2315, 417317
2316, 438873
2317, 532265
2318, 423073
2319, 438772
2320, 413147
2321, 424316
2322, 433218
2323, 427576
2324, 420903
2325, 439292
2326, 420719
2327, 412786
2328, 420932
2329, 461348
2330, 436250
2331, 449257
2332, 445793
2333, 425272
2334, 419296
2335, 1264882
2336, 438773
2337, 476266
2338, 423320
2339, 434669
2340, 464059
2341, 463496
2342, 412213
2343, 429691
2344, 415381
2345, 930892
2346, 3708209
2347, 441948
2348, 926873
2349, 429903
2350, 414295
2351, 415238
2352, 440964
2353, 562413
2354, 412408
2355, 416737
2356, 415708
2357, 431123
2358, 420995
2359, 419780
2360, 420762
2361, 424740
2362, 451340
2363, 428401
2364, 430992
2365, 483400
2366, 419784
2367, 418385
2368, 413770
2369, 415082
2370, 440313
2371, 424417
2372, 416778
2373, 421518
2374, 436112
2375, 412980
2376, 416479
2377, 460212
2378, 418227
2379, 422054
2380, 436270
2381, 425707
2382, 421782
2383, 428802
2384, 420699
2385, 421471
2386, 420699
2387, 423693
2388, 424262
2389, 450131
2390, 417299
2391, 421138
2392, 423078
2393, 432143
2394, 426211
2395, 444955
2396, 419283
2397, 421926
2398, 416940
2399, 434564
2400, 431752
2401, 454559
2402, 421673
2403, 438259
2404, 439407
2405, 414324
2406, 413970
2407, 425307
2408, 418797
2409, 427437
2410, 419637
2411, 427793
2412, 427070
2413, 462889
2414, 419851
2415, 435216
2416, 416529
2417, 416236
2418, 422214
2419, 418349
2420, 441465
2421, 415757
2422, 424437
2423, 424780
2424, 422648
2425, 493392
2426, 418474
2427, 431330
2428, 434048
2429, 435477
2430, 416952
2431, 422532
2432, 420859
2433, 417786
2434, 418527
2435, 440659
2436, 424903
2437, 470143
2438, 414721
2439, 418932
2440, 422773
2441, 433220
2442, 413738
2443, 418377
2444, 419765
2445, 415641
2446, 413166
2447, 442412
2448, 414964
2449, 454095
2450, 439679
2451, 417651
2452, 407842
2453, 422334
2454, 416808
2455, 433366
2456, 416387
2457, 425226
2458, 441407
2459, 424834
2460, 445482
2461, 460452
2462, 420505
2463, 416308
2464, 424969
2465, 417887
2466, 418954
2467, 433998
2468, 441234
2469, 422537
2470, 423120
2471, 440478
2472, 413193
2473, 506113
2474, 422124
2475, 417692
2476, 428396
2477, 421824
2478, 425978
2479, 447803
2480, 828967
2481, 444311
2482, 430072
2483, 419645
2484, 436606
2485, 533000
2486, 422340
2487, 421465
2488, 418671
2489, 423516
2490, 423669
2491, 414442
2492, 444421
2493, 418799
2494, 424734
2495, 431130
2496, 439112
2497, 478996
2498, 413602
2499, 416603
2500, 426103
2501, 414580
2502, 415279
2503, 431553
2504, 422093
2505, 431368
2506, 429206
2507, 441856
2508, 433942
2509, 454053
2510, 425289
2511, 433864
2512, 460782
2513, 437693
2514, 1682509
2515, 411170
2516, 418534
2517, 420129
2518, 415113
2519, 440512
2520, 445966
2521, 443651
2522, 420075
2523, 520987
2524, 425927
2525, 415617
2526, 414838
2527, 416141
2528, 432636
2529, 438126
2530, 432009
2531, 421691
2532, 422134
2533, 484885
2534, 428272
2535, 495303
2536, 422027
2537, 426423
2538, 433148
2539, 422523
2540, 423393
2541, 429715
2542, 428061
2543, 422870
2544, 426711
2545, 479173
2546, 434468
2547, 1239361
2548, 421409
2549, 413886
2550, 430223
2551, 417425
2552, 423922
2553, 415949
2554, 440825
2555, 418140
2556, 423896
2557, 642844
2558, 1978312
2559, 429636
2560, 425320
2561, 433022
2562, 412086
2563, 427894
2564, 434672
2565, 781747
2566, 424954
2567, 428892
2568, 422298
2569, 463790
2570, 452900
2571, 424753
2572, 428432
2573, 443966
2574, 425543
2575, 443263
2576, 560633
2577, 415510
2578, 423695
2579, 424509
2580, 448958
2581, 492910
2582, 423148
2583, 426261
2584, 425931
2585, 441857
2586, 441674
2587, 421114
2588, 492899
2589, 432402
2590, 414417
2591, 440213
2592, 427922
2593, 465314
2594, 422237
2595, 444642
2596, 422420
2597, 416299
2598, 415055
2599, 455133
2600, 489971
2601, 443064
2602, 426660
2603, 431833
2604, 426602
2605, 449223
2606, 445147
2607, 453888
2608, 423385
2609, 437809
2610, 428812
2611, 427294
2612, 566764
2613, 419976
2614, 417825
2615, 414087
2616, 439923
2617, 526900
2618, 411335
2619, 422452
2620, 420771
2621, 411636
2622, 449781
2623, 415945
2624, 447290
2625, 452260
2626, 446676
2627, 434788
2628, 433968
2629, 476094
2630, 416754
2631, 446753
2632, 418405
2633, 417960
2634, 430450
2635, 421241
2636, 451489
2637, 415955
2638, 433032
2639, 440493
2640, 442682
2641, 476444
2642, 418513
2643, 435952
2644, 410533
2645, 418104
2646, 422109
2647, 431510
2648, 432337
2649, 434196
2650, 430752
2651, 433700
2652, 422504
2653, 456134
2654, 425908
2655, 431882
2656, 440919
2657, 413882
2658, 437289
2659, 421930
2660, 434214
2661, 430419
2662, 460874
2663, 423401
2664, 425085
2665, 463857
2666, 436273
2667, 437426
2668, 420203
2669, 440834
2670, 873749
2671, 445529
2672, 417687
2673, 415047
2674, 452781
2675, 423354
2676, 430527
2677, 463471
2678, 423076
2679, 407289
2680, 409482
2681, 419351
2682, 423512
2683, 432565
2684, 426078
2685, 438873
2686, 451574
2687, 430436
2688, 424369
2689, 458099
2690, 425090
2691, 417040
2692, 419702
2693, 434689
2694, 419853
2695, 427715
2696, 436237
2697, 421133
2698, 438405
2699, 424965
2700, 431221
2701, 487624
2702, 419575
2703, 421351
2704, 419600
2705, 425808
2706, 422079
2707, 430118
2708, 442757
2709, 421735
2710, 414563
2711, 419908
2712, 423899
2713, 461987
2714, 420897
2715, 439506
2716, 420929
2717, 444012
2718, 438075
2719, 421459
2720, 425638
2721, 428034
2722, 422531
2723, 441192
2724, 432436
2725, 465729
2726, 451920
2727, 414423
2728, 412544
2729, 425738
2730, 419541
2731, 1277933
2732, 426280
2733, 460728
2734, 410721
2735, 434147
2736, 417703
2737, 471940
2738, 422174
2739, 415522
2740, 2785981
2741, 454770
2742, 432393
2743, 430225
2744, 425092
2745, 426264
2746, 439527
2747, 436778
2748, 443180
2749, 537823
2750, 431860
2751, 531138
2752, 423538
2753, 439333
2754, 420435
2755, 423149
2756, 448200
2757, 424049
2758, 433104
2759, 443685
2760, 427967
2761, 475387
2762, 423787
2763, 495813
2764, 452453
2765, 417193
2766, 409825
2767, 451418
2768, 419979
2769, 436370
2770, 430676
2771, 424709
2772, 418415
2773, 447518
2774, 436376
2775, 6042328
2776, 636411
2777, 418610
2778, 426505
2779, 418543
2780, 435230
2781, 447091
2782, 418817
2783, 431005
2784, 414694
2785, 463544
2786, 440085
2787, 431189
2788, 433981
2789, 416134
2790, 450960
2791, 423365
2792, 413451
2793, 428610
2794, 439835
2795, 421140
2796, 433707
2797, 489878
2798, 449461
2799, 412306
2800, 432968
2801, 430488
2802, 4836059
2803, 433900
2804, 417490
2805, 426197
2806, 458586
2807, 420690
2808, 423307
2809, 454666
2810, 424482
2811, 414683
2812, 417475
2813, 420613
2814, 2157889
2815, 413036
2816, 421000
2817, 419794
2818, 447592
2819, 453042
2820, 423202
2821, 483142
2822, 486403
2823, 413506
2824, 413528
2825, 419438
2826, 423587
2827, 438661
2828, 417869
2829, 421389
2830, 413758
2831, 424657
2832, 424664
2833, 450900
2834, 474691
2835, 442069
2836, 423901
2837, 427084
2838, 420569
2839, 444713
2840, 421206
2841, 446374
2842, 428232
2843, 463725
2844, 440837
2845, 457246
2846, 477257
2847, 440293
2848, 424617
2849, 441863
2850, 420250
2851, 431453
2852, 428818
2853, 416165
2854, 428825
2855, 413470
2856, 420065
2857, 463049
2858, 1625279
2859, 422281
2860, 433696
2861, 418142
2862, 423181
2863, 419511
2864, 417783
2865, 413820
2866, 425374
2867, 427111
2868, 1725040
2869, 459430
2870, 436828
2871, 422969
2872, 422838
2873, 446566
2874, 433598
2875, 426118
2876, 944322
2877, 420201
2878, 421712
2879, 426003
2880, 413788
2881, 450860
2882, 418448
2883, 415593
2884, 431495
2885, 416789
2886, 407977
2887, 423117
2888, 434814
2889, 435692
2890, 420675
2891, 445686
2892, 459091
2893, 485418
2894, 422934
2895, 424767
2896, 422864
2897, 435504
2898, 413634
2899, 458482
2900, 422763
2901, 424670
2902, 443166
2903, 425540
2904, 436626
2905, 463233
2906, 423970
2907, 444460
2908, 421453
2909, 413813
2910, 417774
2911, 416189
2912, 417124
2913, 442141
2914, 438846
2915, 423068
2916, 434933
2917, 481830
2918, 426969
2919, 420133
2920, 439060
2921, 417710
2922, 412817
2923, 4852950
2924, 408035
2925, 952928
2926, 459465
2927, 426382
2928, 456545
2929, 485778
2930, 422744
2931, 420080
2932, 420261
2933, 416889
2934, 434587
2935, 421138
2936, 530034
2937, 412620
2938, 423297
2939, 443330
2940, 418906
2941, 458277
2942, 418933
2943, 428316
2944, 437299
2945, 434666
2946, 414667
2947, 421347
2948, 477052
2949, 434108
2950, 434406
2951, 439613
2952, 442024
2953, 468032
2954, 416843
2955, 413152
2956, 429996
2957, 424482
2958, 423812
2959, 435126
2960, 3728238
2961, 428370
2962, 422939
2963, 429462
2964, 559328
2965, 460441
2966, 412944
2967, 419437
2968, 419023
2969, 418901
2970, 436242
2971, 420866
2972, 422326
2973, 414233
2974, 440414
2975, 422548
2976, 641225
2977, 480164
2978, 412743
2979, 415017
2980, 421252
2981, 457052
2982, 422474
2983, 419826
2984, 4338207
2985, 414933
2986, 419368
2987, 414279
2988, 412956
2989, 460632
2990, 428320
2991, 423029
2992, 422694
2993, 535157
2994, 424530
2995, 425766
2996, 421041
2997, 420605
2998, 420014
2999, 439112
3000, 415373
3001, 460325
3002, 420041
3003, 417913
3004, 437080
3005, 485697
3006, 418268
3007, 413627
3008, 430621
3009, 427628
3010, 421047
3011, 421537
3012, 415688
3013, 446533
3014, 420640
3015, 412764
3016, 437074
3017, 479789
3018, 422680
3019, 422343
3020, 428550
3021, 424052
3022, 453513
3023, 425029
3024, 426721
3025, 529072
3026, 428652
3027, 420835
3028, 422727
3029, 482238
3030, 422494
3031, 421914
3032, 420802
3033, 412217
3034, 4567957
3035, 423715
3036, 444313
3037, 460476
3038, 418519
3039, 418910
3040, 425094
3041, 426729
3042, 416753
3043, 416955
3044, 419588
3045, 438274
3046, 427204
3047, 428045
3048, 434801
3049, 472254
3050, 403176
3051, 422261
3052, 417736
3053, 418219
3054, 438177
3055, 419609
3056, 422518
3057, 431311
3058, 429524
3059, 409467
3060, 415441
3061, 514649
3062, 431442
3063, 426597
3064, 432125
3065, 424119
3066, 420070
3067, 427114
3068, 441020
3069, 432032
3070, 426817
3071, 414612
3072, 421053
3073, 469069
3074, 434747
3075, 426561
3076, 416808
3077, 414410
3078, 415905
3079, 416074
3080, 422124
3081, 423570
3082, 440216
3083, 409744
3084, 448769
3085, 463077
3086, 422756
3087, 415464
3088, 416951
3089, 414770
3090, 424636
3091, 425457
3092, 421526
3093, 425547
3094, 2802308
3095, 427099
3096, 414886
3097, 464929
3098, 439619
3099, 427109
3100, 422689
3101, 423895
3102, 437322
3103, 437060
3104, 436873
3105, 428676
3106, 417942
3107, 416400
3108, 439547
3109, 481499
3110, 413001
3111, 415548
3112, 430117
3113, 429937
3114, 424136
3115, 421408
3116, 424239
3117, 429230
3118, 410860
3119, 413339
3120, 439472
3121, 458153
3122, 412121
3123, 436667
3124, 445427
3125, 413278
3126, 457446
3127, 431034
3128, 419740
3129, 419998
3130, 426732
3131, 410990
3132, 438041
3133, 466812
3134, 441562
3135, 412764
3136, 418238
3137, 413558
3138, 419154
3139, 418803
3140, 421135
3141, 426890
3142, 423673
3143, 444350
3144, 445026
3145, 536263
3146, 437660
3147, 423241
3148, 424438
3149, 436577
3150, 431991
3151, 415768
3152, 421981
3153, 1082898
3154, 422811
3155, 416347
3156, 421207
3157, 454346
3158, 423421
3159, 2435775
3160, 451827
3161, 423602
3162, 425378
3163, 423573
3164, 434749
3165, 421358
3166, 515017
3167, 422191
3168, 439701
3169, 542154
3170, 423186
3171, 417060
3172, 447139
3173, 417696
3174, 454731
3175, 439200
3176, 419697
3177, 420957
3178, 487979
3179, 436650
3180, 427992
3181, 449997
3182, 426366
3183, 423345
3184, 413863
3185, 420592
3186, 417537
3187, 437428
3188, 438577
3189, 415371
3190, 482540
3191, 411292
3192, 417978
3193, 469414
3194, 416734
3195, 464088
3196, 433186
3197, 417786
3198, 432929
3199, 415171
3200, 423256
3201, 442256
3202, 5290874
3203, 536808
3204, 416014
3205, 467580
3206, 418105
3207, 421230
3208, 1128348
3209, 419598
3210, 414272
3211, 410675
3212, 420439
3213, 970571
3214, 421528
3215, 418748
3216, 424460
3217, 533459
3218, 415176
3219, 422044
3220, 438390
3221, 426921
3222, 434059
3223, 435078
3224, 436581
3225, 432334
3226, 432632
3227, 421702
3228, 427880
3229, 525329
3230, 421085
3231, 414037
3232, 416891
3233, 448184
3234, 419850
3235, 420134
3236, 1412678
3237, 431707
3238, 423458
3239, 417227
3240, 415613
3241, 452604
3242, 411068
3243, 419933
3244, 420060
3245, 445884
3246, 500066
3247, 425961
3248, 422614
3249, 436941
3250, 410391
3251, 437089
3252, 417016
3253, 459537
3254, 435887
3255, 437255
3256, 415153
3257, 435153
3258, 475556
3259, 420774
3260, 416752
3261, 425103
3262, 5465209
3263, 3921831
3264, 433605
3265, 2238632
3266, 417965
3267, 412483
3268, 433512
3269, 418153
3270, 414106
3271, 413759
3272, 434412
3273, 593083
3274, 418989
3275, 428026
3276, 445981
3277, 3168086
3278, 431099
3279, 425054
3280, 439889
3281, 412213
3282, 411113
3283, 420717
3284, 424744
3285, 444481
3286, 425717
3287, 412379
3288, 442263
3289, 465969
3290, 425285
3291, 422051
3292, 432909
3293, 422855
3294, 419136
3295, 435611
3296, 442501
3297, 418357
3298, 418915
3299, 422708
3300, 422224
3301, 462719
3302, 438483
3303, 445984
3304, 428484
3305, 445436
3306, 425414
3307, 439829
3308, 463449
3309, 429591
3310, 443228
3311, 439387
3312, 423386
3313, 498415
3314, 422155
3315, 427554
3316, 441975
3317, 418829
3318, 430540
3319, 427290
3320, 446039
3321, 424929
3322, 443966
3323, 444968
3324, 451580
3325, 5912853
3326, 438213
3327, 423159
3328, 418734
3329, 422596
3330, 418818
3331, 440888
3332, 442651
3333, 436007
3334, 418431
3335, 414929
3336, 436972
3337, 1259843
3338, 420787
3339, 436751
3340, 417162
3341, 418329
3342, 446920
3343, 422328
3344, 450177
3345, 417775
3346, 439156
3347, 453423
3348, 421296
3349, 475542
3350, 411463
3351, 421287
3352, 439146
3353, 424488
3354, 431323
3355, 425607
3356, 426984
3357, 414590
3358, 418988
3359, 438577
3360, 418839
3361, 482515
3362, 433763
3363, 426264
3364, 444460
3365, 419059
3366, 434455
3367, 419059
3368, 417644
3369, 415370
3370, 432973
3371, 425885
3372, 435142
3373, 460745
3374, 415242
3375, 429290
3376, 423929
3377, 431072
3378, 422754
3379, 419766
3380, 411994
3381, 440794
3382, 417610
3383, 424275
3384, 421790
3385, 528743
3386, 416941
3387, 422083
3388, 427894
3389, 430053
3390, 438885
3391, 424811
3392, 429840
3393, 438671
3394, 950425
3395, 407811
3396, 425955
3397, 457845
3398, 421221
3399, 434220
3400, 442785
3401, 420502
3402, 424725
3403, 437345
3404, 437309
3405, 436760
3406, 422454
3407, 422596
3408, 423036
3409, 456725
3410, 408197
3411, 416831
3412, 426376
3413, 433774
3414, 420219
3415, 435247
3416, 425229
3417, 423630
3418, 452422
3419, 440741
3420, 433112
3421, 461935
3422, 412737
3423, 417102
3424, 434789
3425, 417913
3426, 420059
3427, 444816
3428, 421789
3429, 439515
3430, 428718
3431, 414998
3432, 415094
3433, 457025
3434, 419443
3435, 433199
3436, 436508
3437, 445496
3438, 422431
3439, 416940
3440, 422283
3441, 418466
3442, 469181
3443, 419077
3444, 443547
3445, 459167
3446, 420779
3447, 428193
3448, 449067
3449, 413046
3450, 425109
3451, 421360
3452, 431061
3453, 418581
3454, 1188960
3455, 418316
3456, 438881
3457, 446086
3458, 415158
3459, 457686
3460, 426682
3461, 410538
3462, 443408
3463, 418523
3464, 418171
3465, 532643
3466, 434392
3467, 426315
3468, 411274
3469, 467962
3470, 423755
3471, 433292
3472, 432568
3473, 423284
3474, 427027
3475, 413892
3476, 419102
3477, 447108
3478, 420373
3479, 428638
3480, 413757
3481, 477517
3482, 450525
3483, 420212
3484, 413420
3485, 424386
3486, 417938
3487, 414897
3488, 415889
3489, 423642
3490, 422494
3491, 413188
3492, 415801
3493, 472272
3494, 430262
3495, 432176
3496, 412814
3497, 424243
3498, 431431
3499, 425666
3500, 431847
3501, 426528
3502, 421099
3503, 419431
3504, 413664
3505, 466480
3506, 426522
3507, 427160
3508, 418805
3509, 413054
3510, 418489
3511, 442575
3512, 422744
3513, 423761
3514, 421450
3515, 419392
3516, 424486
3517, 462175
3518, 446356
3519, 411797
3520, 427898
3521, 419165
3522, 422330
3523, 428792
3524, 439897
3525, 432281
3526, 1494106
3527, 417470
3528, 435094
3529, 453440
3530, 415378
3531, 418176
3532, 426266
3533, 437095
3534, 442236
3535, 1941715
3536, 416233
3537, 454995
3538, 412793
3539, 414778
3540, 427874
3541, 486469
3542, 420733
3543, 933185
3544, 2175614
3545, 424387
3546, 423733
3547, 419738
3548, 420046
3549, 450256
3550, 484200
3551, 416888
3552, 433905
3553, 484973
3554, 435829
3555, 429442
3556, 456971
3557, 436751
3558, 418379
3559, 419529
3560, 414859
3561, 422711
3562, 664465
3563, 412971
3564, 442103
3565, 473414
3566, 424810
3567, 439143
3568, 423841
3569, 423106
3570, 425895
3571, 412377
3572, 437788
3573, 411639
3574, 2881170
3575, 452092
3576, 415474
3577, 470289
3578, 440354
3579, 531949
3580, 412257
3581, 455935
3582, 445207
3583, 425725
3584, 440550
3585, 426194
3586, 427601
3587, 425212
3588, 420214
3589, 484436
3590, 417108
3591, 3371122
3592, 432808
3593, 414009
3594, 421664
3595, 419567
3596, 429957
3597, 421608
3598, 458100
3599, 422169
3600, 428850
3601, 470784
3602, 417864
3603, 422030
3604, 422215
3605, 416560
3606, 424390
3607, 420764
3608, 423283
3609, 415540
3610, 415772
3611, 423928
3612, 413506
3613, 497339
3614, 440956
3615, 423873
3616, 423134
3617, 434184
3618, 422692
3619, 442938
3620, 417751
3621, 419067
3622, 420545
3623, 417776
3624, 413033
3625, 463404
3626, 448725
3627, 432991
3628, 428199
3629, 407293
3630, 414046
3631, 422232
3632, 3219653
3633, 417963
3634, 470304
3635, 426996
3636, 434823
3637, 584969
3638, 424145
3639, 427677
3640, 416837
3641, 413711
3642, 420149
3643, 411514
3644, 433682
3645, 413866
3646, 419418
3647, 415554
3648, 417307
3649, 2094751
3650, 414701
3651, 420318
3652, 423676
3653, 449516
3654, 417339
3655, 415783
3656, 423310
3657, 6016671
3658, 428989
3659, 435269
3660, 420216
3661, 460792
3662, 425020
3663, 421305
3664, 419950
3665, 419274
3666, 444219
3667, 872406
3668, 428536
3669, 409846
3670, 417048
3671, 415636
3672, 423314
3673, 490614
3674, 426879
3675, 416847
3676, 415733
3677, 414836
3678, 439053
3679, 416619
3680, 438548
3681, 412838
3682, 440712
3683, 430676
3684, 427006
3685, 474993
3686, 444370
3687, 422005
3688, 411769
3689, 419480
3690, 424901
3691, 437714
3692, 430444
3693, 423474
3694, 433846
3695, 434793
3696, 442745
3697, 481425
3698, 427595
3699, 416702
3700, 419435
3701, 419223
3702, 424538
3703, 422943
3704, 420479
3705, 441652
3706, 426546
3707, 426016
3708, 417347
3709, 490245
3710, 411129
3711, 417111
3712, 432805
3713, 421977
3714, 427451
3715, 420309
3716, 929904
3717, 420907
3718, 410926
3719, 413121
3720, 425659
3721, 482049
3722, 421505
3723, 430778
3724, 414432
3725, 455660
3726, 420923
3727, 424589
3728, 417432
3729, 415085
3730, 415138
3731, 417992
3732, 420947
3733, 469486
3734, 441848
3735, 413746
3736, 423900
3737, 423716
3738, 428750
3739, 417163
3740, 430518
3741, 420892
3742, 424120
3743, 418143
3744, 421279
3745, 462243
3746, 439762
3747, 418461
3748, 411219
3749, 424555
3750, 428966
3751, 444566
3752, 423157
3753, 429641
3754, 447119
3755, 414432
3756, 435963
3757, 455947
3758, 438830
3759, 418283
3760, 435602
3761, 434795
3762, 421120
3763, 419276
3764, 1009650
3765, 433621
3766, 438742
3767, 446694
3768, 448535
3769, 460801
3770, 438723
3771, 424921
3772, 1244438
3773, 439190
3774, 416329
3775, 420950
3776, 419382
3777, 415222
3778, 432563
3779, 409612
3780, 420762
3781, 524664
3782, 540188
3783, 422786
3784, 420364
3785, 415646
3786, 418053
3787, 441430
3788, 431085
3789, 427098
3790, 418853
3791, 423461
3792, 413744
3793, 462131
3794, 493736
3795, 439964
3796, 420670
3797, 425930
3798, 429011
3799, 419448
3800, 431259
3801, 426059
3802, 416836
3803, 416524
3804, 430172
3805, 471660
3806, 479435
3807, 450625
3808, 464652
3809, 420923
3810, 412474
3811, 416825
3812, 425457
3813, 417527
3814, 433630
3815, 437390
3816, 418305
3817, 463861
3818, 2013183
3819, 423178
3820, 444411
3821, 428905
3822, 418769
3823, 432344
3824, 418791
3825, 485746
3826, 499534
3827, 421358
3828, 428025
3829, 3882574
3830, 1962012
3831, 418114
3832, 426150
3833, 426381
3834, 430458
3835, 431560
3836, 419335
3837, 432325
3838, 4305437
3839, 421813
3840, 424303
3841, 465450
3842, 446110
3843, 425234
3844, 420463
3845, 430988
3846, 430980
3847, 423923
3848, 418205
3849, 426440
3850, 428129
3851, 418615
3852, 417772
3853, 468764
3854, 419729
3855, 429201
3856, 421177
3857, 422606
3858, 422825
3859, 432972
3860, 434995
3861, 426802
3862, 423035
3863, 427660
3864, 425068
3865, 474468
3866, 425495
3867, 448980
3868, 455464
3869, 428637
3870, 424388
3871, 443179
3872, 428758
3873, 418009
3874, 413971
3875, 423458
3876, 413932
3877, 1752896
3878, 420755
3879, 421981
3880, 425793
3881, 422822
3882, 425544
3883, 428012
3884, 436995
3885, 417208
3886, 543389
3887, 447528
3888, 417250
3889, 4843736
3890, 429385
3891, 431972
3892, 420320
3893, 483552
3894, 428108
3895, 432584
3896, 430856
3897, 408237
3898, 418031
3899, 522201
3900, 4504425
3901, 522429
3902, 433183
3903, 438178
3904, 438498
3905, 421017
3906, 417086
3907, 423424
3908, 429001
3909, 415323
3910, 420811
3911, 425905
3912, 422870
3913, 554834
3914, 424277
3915, 419477
3916, 425417
3917, 415767
3918, 420953
3919, 422262
3920, 415335
3921, 415085
3922, 422194
3923, 421035
3924, 428606
3925, 512826
3926, 435832
3927, 432673
3928, 421812
3929, 418324
3930, 412022
3931, 418092
3932, 418198
3933, 419840
3934, 417224
3935, 419763
3936, 441547
3937, 513391
3938, 411720
3939, 423182
3940, 429218
3941, 412906
3942, 413144
3943, 421284
3944, 415526
3945, 421509
3946, 429495
3947, 416461
3948, 419005
3949, 531052
3950, 1815519
3951, 422062
3952, 424267
3953, 422652
3954, 468269
3955, 428955
3956, 416647
3957, 419366
3958, 420405
3959, 415098
3960, 422514
3961, 470635
3962, 416561
3963, 424522
3964, 422170
3965, 421638
3966, 437159
3967, 431632
3968, 421297
3969, 422355
3970, 414336
3971, 409099
3972, 434707
3973, 456349
3974, 419006
3975, 412136
3976, 415808
3977, 436414
3978, 419575
3979, 420127
3980, 439094
3981, 425279
3982, 423278
3983, 418689
3984, 426491
3985, 466446
3986, 433930
3987, 417363
3988, 416698
3989, 447589
3990, 416927
3991, 486393
3992, 452947
3993, 422228
3994, 427369
3995, 420240
3996, 411702
3997, 462417
3998, 443237
3999, 430486
4000, 447466
4001, 425771
4002, 437680
4003, 443185
4004, 415068
4005, 418872
4006, 1024960
4007, 415844
4008, 446326
4009, 462819
4010, 447771
4011, 434834
4012, 421739
4013, 416418
4014, 418832
4015, 424356
4016, 422788
4017, 1031858
4018, 420670
4019, 438311
4020, 431548
4021, 453544
4022, 424654
4023, 416371
4024, 417247
4025, 423865
4026, 416100
4027, 408571
4028, 454888
4029, 416652
4030, 419185
4031, 425005
4032, 418059
4033, 481374
4034, 424749
4035, 447275
4036, 435298
4037, 445088
4038, 423214
4039, 425840
4040, 494418
4041, 413638
4042, 409537
4043, 417962
4044, 440498
4045, 497966
4046, 413054
4047, 428578
4048, 418998
4049, 419482
4050, 417037
4051, 424887
4052, 481527
4053, 445046
4054, 426641
4055, 432189
4056, 436004
4057, 461561
4058, 445200
4059, 423629
4060, 418509
4061, 471541
4062, 416629
4063, 411343
4064, 6105940
4065, 1470437
4066, 432937
4067, 452640
4068, 448538
4069, 484081
4070, 423749
4071, 428567
4072, 452018
4073, 441041
4074, 431131
4075, 428980
4076, 412762
4077, 420388
4078, 411913
4079, 429276
4080, 425363
4081, 460530
4082, 418755
4083, 422684
4084, 413630
4085, 455827
4086, 433961
4087, 421668
4088, 453998
4089, 424945
4090, 424611
4091, 421356
4092, 421175
4093, 475432
4094, 415245
4095, 422251
4096, 415460
4097, 438953
4098, 427265
4099, 423593
4100, 431639
4101, 424696
4102, 440529
4103, 418085
4104, 448736
4105, 477894
4106, 411329
4107, 427626
4108, 421760
4109, 429735
4110, 455801
4111, 421282
4112, 423243
4113, 422997
4114, 438381
4115, 413136
4116, 423415
4117, 474419
4118, 431424
4119, 826404
4120, 418214
4121, 557840
4122, 413434
4123, 418264
4124, 409361
4125, 445777
4126, 434157
4127, 416382
4128, 415257
4129, 464046
4130, 417463
4131, 416144
4132, 420101
4133, 541310
4134, 410789
4135, 440744
4136, 424248
4137, 417804
4138, 410125
4139, 420810
4140, 421063
4141, 458299
4142, 408385
4143, 419203
4144, 426200
4145, 488471
4146, 418203
4147, 437365
4148, 448344
4149, 422411
4150, 410564
4151, 417099
4152, 421033
4153, 454021
4154, 423579
4155, 421141
4156, 422407
4157, 689311
4158, 427012
4159, 408677
4160, 435969
4161, 419243
4162, 431089
4163, 416454
4164, 451347
4165, 471539
4166, 2579848
4167, 441956
4168, 422303
4169, 414964
4170, 424723
4171, 440624
4172, 438373
4173, 419552
4174, 431892
4175, 416707
4176, 427001
4177, 454954
4178, 1342157
4179, 425478
4180, 432452
4181, 426327
4182, 428850
4183, 424649
4184, 424035
4185, 448998
4186, 443234
4187, 423905
4188, 487909
4189, 454449
4190, 435474
4191, 423776
4192, 452974
4193, 416415
4194, 420551
4195, 419166
4196, 421690
4197, 421504
4198, 422995
4199, 401938
4200, 804379
4201, 504980
4202, 422474
4203, 442408
4204, 421327
4205, 418879
4206, 433016
4207, 418521
4208, 416921
4209, 433935
4210, 415566
4211, 511858
4212, 418009
4213, 458239
4214, 430722
4215, 445997
4216, 428735
4217, 423425
4218, 444336
4219, 434465
4220, 420135
4221, 415892
4222, 422409
4223, 480243
4224, 422240
4225, 462412
4226, 422728
4227, 420238
4228, 416023
4229, 424672
4230, 426523
4231, 409968
4232, 417165
4233, 416990
4234, 415652
4235, 2467273
4236, 425561
4237, 458091
4238, 440501
4239, 449509
4240, 418135
4241, 415163
4242, 419315
4243, 424202
4244, 422413
4245, 421248
4246, 449628
4247, 427186
4248, 419177
4249, 478218
4250, 428404
4251, 423977
4252, 429305
4253, 420859
4254, 429244
4255, 441719
4256, 417270
4257, 424142
4258, 434598
4259, 430659
4260, 416092
4261, 452196
4262, 441045
4263, 414978
4264, 442675
4265, 446518
4266, 439777
4267, 439645
4268, 422052
4269, 423136
4270, 417567
4271, 425996
4272, 410853
4273, 475759
4274, 416176
4275, 417429
4276, 440131
4277, 437063
4278, 439191
4279, 408397
4280, 426912
4281, 434922
4282, 417685
4283, 425436
4284, 408226
4285, 456157
4286, 420205
4287, 422105
4288, 422195
4289, 1993162
4290, 435326
4291, 534607
4292, 430480
4293, 431546
4294, 414098
4295, 444023
4296, 421051
4297, 463242
4298, 417629
4299, 415818
4300, 414840
4301, 462967
4302, 421567
4303, 2161574
4304, 421739
4305, 473997
4306, 420062
4307, 438681
4308, 418521
4309, 463640
4310, 422744
4311, 487507
4312, 424418
4313, 416549
4314, 426354
4315, 412954
4316, 420731
4317, 415600
4318, 420655
4319, 443217
4320, 437961
4321, 457488
4322, 421154
4323, 486663
4324, 420781
4325, 418458
4326, 414755
4327, 421708
4328, 442851
4329, 425208
4330, 441846
4331, 440096
4332, 426278
4333, 469485
4334, 419762
4335, 484979
4336, 432630
4337, 438890
4338, 411853
4339, 413514
4340, 426523
4341, 431019
4342, 421198
4343, 440287
4344, 440883
4345, 470794
4346, 426585
4347, 1669563
4348, 418866
4349, 422036
4350, 417925
4351, 421462
4352, 422165
4353, 5444649
4354, 433013
4355, 510071
4356, 429011
4357, 459934
4358, 438848
4359, 418739
4360, 3937963
4361, 432688
4362, 426925
4363, 419600
4364, 423458
4365, 439297
4366, 427034
4367, 426061
4368, 423081
4369, 465093
4370, 432791
4371, 431721
4372, 421007
4373, 411778
4374, 434396
4375, 428687
4376, 410676
4377, 435256
4378, 421234
4379, 420306
4380, 420195
4381, 465197
4382, 423064
4383, 422904
4384, 427345
4385, 443983
4386, 417926
4387, 433829
4388, 415907
4389, 419488
4390, 421658
4391, 414241
4392, 420876
4393, 465599
4394, 410184
4395, 413337
4396, 417552
4397, 420196
4398, 420605
4399, 427330
4400, 417411
4401, 436864
4402, 428674
4403, 423535
4404, 438436
4405, 450576
4406, 414136
4407, 436906
4408, 416418
4409, 417858
4410, 418461
4411, 437296
4412, 434263
4413, 431074
4414, 426023
4415, 424588
4416, 416700
4417, 3073236
4418, 434290
4419, 435746
4420, 441676
4421, 432094
4422, 421501
4423, 435014
4424, 423915
4425, 434155
4426, 421278
4427, 416309
4428, 450081
4429, 451593
4430, 413910
4431, 411663
4432, 412983
4433, 434756
4434, 412285
4435, 419637
4436, 436646
4437, 420381
4438, 433717
4439, 418015
4440, 427461
4441, 448048
4442, 435112
4443, 423894
4444, 416647
4445, 412405
4446, 417685
4447, 416729
4448, 414505
4449, 423080
4450, 428170
4451, 420371
4452, 450570
4453, 480889
4454, 417186
4455, 435347
4456, 438696
4457, 435068
4458, 454691
4459, 426685
4460, 423250
4461, 411811
4462, 423363
4463, 416250
4464, 3187734
4465, 493202
4466, 415006
4467, 418127
4468, 418849
4469, 421760
4470, 624655
4471, 418472
4472, 431235
4473, 424033
4474, 425195
4475, 430470
4476, 421938
4477, 460941
4478, 409556
4479, 439776
4480, 442123
4481, 417642
4482, 477883
4483, 416694
4484, 413818
4485, 420015
4486, 4517207
4487, 429427
4488, 422946
4489, 464861
4490, 424494
4491, 422076
4492, 427689
4493, 446687
4494, 443278
4495, 412783
4496, 419957
4497, 463532
4498, 427621
4499, 414819
4500, 437101
4501, 449021
4502, 419349
4503, 442300
4504, 420615
4505, 442108
4506, 441906
4507, 439412
4508, 423000
4509, 420919
4510, 447641
4511, 425261
4512, 421818
4513, 449324
4514, 423005
4515, 410739
4516, 419016
4517, 422619
4518, 422535
4519, 416706
4520, 435822
4521, 420504
4522, 426654
4523, 411296
4524, 415392
4525, 467161
4526, 437466
4527, 438829
4528, 419545
4529, 418852
4530, 423738
4531, 423153
4532, 419023
4533, 413914
4534, 426232
4535, 441258
4536, 3254753
4537, 480405
4538, 405834
4539, 528386
4540, 422295
4541, 420693
4542, 413498
4543, 412872
4544, 420870
4545, 418957
4546, 429869
4547, 414333
4548, 438830
4549, 449706
4550, 436080
4551, 517467
4552, 424495
4553, 412596
4554, 437857
4555, 422326
4556, 449578
4557, 418456
4558, 437183
4559, 419577
4560, 414661
4561, 476804
4562, 414579
4563, 2780421
4564, 430672
4565, 443002
4566, 434110
4567, 435397
4568, 479171
4569, 459998
4570, 415573
4571, 433899
4572, 414152
4573, 463070
4574, 441187
4575, 441564
4576, 418281
4577, 434919
4578, 422744
4579, 412691
4580, 413536
4581, 415730
4582, 416677
4583, 417979
4584, 418377
4585, 500074
4586, 417414
4587, 427023
4588, 424353
4589, 425213
4590, 422439
4591, 416247
4592, 426579
4593, 428762
4594, 440469
4595, 423093
4596, 419666
4597, 468339
4598, 438216
4599, 419630
4600, 433328
4601, 416407
4602, 573577
4603, 416653
4604, 435160
4605, 443661
4606, 415005
4607, 423727
4608, 427193
4609, 500497
4610, 439856
4611, 420945
4612, 428917
4613, 421742
4614, 420869
4615, 438053
4616, 436283
4617, 415523
4618, 430004
4619, 419140
4620, 422883
4621, 456422
4622, 438379
4623, 440563
4624, 425787
4625, 420344
4626, 423099
4627, 422524
4628, 406192
4629, 453130
4630, 408983
4631, 413512
4632, 421330
4633, 460255
4634, 419724
4635, 448970
4636, 444724
4637, 438489
4638, 416352
4639, 412721
4640, 414305
4641, 420589
4642, 428575
4643, 435188
4644, 406816
4645, 458405
4646, 424581
4647, 427997
4648, 427194
4649, 414493
4650, 423696
4651, 420836
4652, 420294
4653, 421394
4654, 432509
4655, 423096
4656, 410563
4657, 471109
4658, 436923
4659, 436796
4660, 441266
4661, 424202
4662, 410565
4663, 414590
4664, 420978
4665, 432452
4666, 431756
4667, 436308
4668, 451542
4669, 503871
4670, 423996
4671, 414130
4672, 415811
4673, 414871
4674, 436753
4675, 422348
4676, 414716
4677, 418478
4678, 438929
4679, 422394
4680, 427647
4681, 485033
4682, 441463
4683, 433741
4684, 460655
4685, 440878
4686, 413204
4687, 415646
4688, 409971
4689, 426036
4690, 417999
4691, 445076
4692, 415752
4693, 485574
4694, 424364
4695, 411380
4696, 420414
4697, 436794
4698, 416885
4699, 411815
4700, 423924
4701, 445496
4702, 421682
4703, 418242
4704, 422123
4705, 476816
4706, 425361
4707, 426368
4708, 456116
4709, 433288
4710, 421438
4711, 418895
4712, 419491
4713, 424112
4714, 443234
4715, 411905
4716, 436241
4717, 479862
4718, 416398
4719, 413210
4720, 420026
4721, 425301
4722, 426861
4723, 431016
4724, 410691
4725, 424790
4726, 422648
4727, 420112
4728, 434794
4729, 486459
4730, 443109
4731, 433575
4732, 417910
4733, 426344
4734, 429044
4735, 413286
4736, 412279
4737, 422521
4738, 427470
4739, 445649
4740, 416362
4741, 453573
4742, 421110
4743, 424006
4744, 1847375
4745, 423394
4746, 546382
4747, 421866
4748, 444001
4749, 434764
4750, 419241
4751, 417450
4752, 431455
4753, 457436
4754, 434728
4755, 422472
4756, 421027
4757, 445927
4758, 545742
4759, 443126
4760, 444790
4761, 426547
4762, 417011
4763, 418704
4764, 411617
4765, 469328
4766, 418649
4767, 424372
4768, 416822
4769, 415059
4770, 479744
4771, 417142
4772, 409643
4773, 417303
4774, 414734
4775, 422009
4776, 423244
4777, 458267
4778, 452988
4779, 425612
4780, 423020
4781, 438590
4782, 624779
4783, 434252
4784, 429097
4785, 410090
4786, 434849
4787, 435798
4788, 424732
4789, 457426
4790, 415641
4791, 426488
4792, 412802
4793, 423837
4794, 4985002
4795, 531941
4796, 422364
4797, 439544
4798, 433249
4799, 428039
4800, 425142
4801, 446701
4802, 442803
4803, 431458
4804, 414967
4805, 429023
4806, 439858
4807, 503520
4808, 422787
4809, 424159
4810, 420774
4811, 415509
4812, 636961
4813, 457986
4814, 410019
4815, 421578
4816, 423790
4817, 414260
4818, 416851
4819, 462961
4820, 420749
4821, 422163
4822, 446348
4823, 421976
4824, 440462
4825, 494205
4826, 440951
4827, 435967
4828, 411779
4829, 421229
4830, 434866
4831, 428427
4832, 422437
4833, 437957
4834, 415285
4835, 436593
4836, 447090
4837, 480222
4838, 454207
4839, 414810
4840, 429748
4841, 424985
4842, 425037
4843, 438776
4844, 428335
4845, 438432
4846, 425543
4847, 420908
4848, 416480
4849, 471492
4850, 423625
4851, 422086
4852, 427346
4853, 418662
4854, 423978
4855, 1662171
4856, 433587
4857, 433537
4858, 424175
4859, 420077
4860, 415961
4861, 468263
4862, 419802
4863, 414107
4864, 1190037
4865, 430824
4866, 893438
4867, 412465
4868, 438579
4869, 414076
4870, 424680
4871, 414956
4872, 415967
4873, 458021
4874, 422252
4875, 439845
4876, 442393
4877, 423217
4878, 424958
4879, 439461
4880, 440741
4881, 427728
4882, 455276
4883, 441268
4884, 416925
4885, 1680922
4886, 417648
4887, 450594
4888, 420661
4889, 423897
4890, 438876
4891, 418207
4892, 415232
4893, 440421
4894, 467662
4895, 415995
4896, 413707
4897, 477652
4898, 411225
4899, 424542
4900, 414297
4901, 418891
4902, 426537
4903, 418910
4904, 435700
4905, 429425
4906, 645434
4907, 442698
4908, 426005
4909, 470223
4910, 426468
4911, 427993
4912, 435833
4913, 410372
4914, 421935
4915, 417907
4916, 418485
4917, 430258
4918, 506443
4919, 439099
4920, 430909
4921, 454935
4922, 421782
4923, 448734
4924, 417306
4925, 423015
4926, 418242
4927, 439158
4928, 420481
4929, 414770
4930, 449613
4931, 437766
4932, 432447
4933, 453814
4934, 1895400
4935, 423240
4936, 426698
4937, 457060
4938, 418640
4939, 4658554
4940, 422616
4941, 536683
4942, 416553
4943, 419800
4944, 423116
4945, 461372
4946, 438518
4947, 413963
4948, 413765
4949, 438134
4950, 436028
4951, 428191
4952, 418118
4953, 480296
4954, 416387
4955, 419420
4956, 429572
4957, 456251
4958, 421292
4959, 439697
4960, 425924
4961, 418192
4962, 419840
4963, 421591
4964, 416835
4965, 486178
4966, 471248
4967, 422163
4968, 446445
4969, 446362
4970, 4279175
4971, 431774
4972, 429168
4973, 529478
4974, 420354
4975, 434813
4976, 416864
4977, 416920
4978, 448711
4979, 444693
4980, 417543
4981, 453239
4982, 422443
4983, 452295
4984, 415084
4985, 494076
4986, 427393
4987, 429233
4988, 409517
4989, 454867
4990, 425710
4991, 433404
4992, 421582
4993, 467896
4994, 417377
4995, 427662
4996, 433987
4997, 416890
4998, 422478
4999, 453198
5000, 439869
